id,price,area,age,rooms,distanceToMetro,stationName,distanceSource,longitude,latitude,walkingDistance
YC1229645,2498,29.19,46.4,6,489.2441559504025,文德站出口2,永慶房屋,25.0770570847,121.579846773,615.4068194349503
YC1178931,2350,35.72,41.8,3,280.3454383049654,捷運西湖站,永慶房屋,25.0845851,121.5680007,500.163100233426
YC1199544,1768,30.23,37.9,3,924.4991069748987,東湖站,overPass,25.0699351133057,121.620396619643,1033.5270846382275
YC1204520,2180,30.73,43.4,7,257.75438875804497,西湖站出口1,永慶房屋,25.0844362,121.5677372,500.163100233426
YC1214747,1680,44.29,43.6,4,1284.3619511541635,東湖站,overPass,25.0631633576,121.599755874,1416.7856299093128
YC1200949,2350,38.62,44.6,3,185.84652666358087,西湖站出口1,永慶房屋,25.0839123,121.5672697,488.33683149985666
YC1189553,1820,27.5,43.3,4,171.13123657477485,東湖站出口3,永慶房屋,25.066147,121.6130974,224.9093882162779
YC1202208,2680,59.18,43.5,0,1122.1933226689712,文德站,overPass,25.0684621,121.5857415,1874.7890237955385
YC1196119,1830,31.15,44.5,3,488.28458731000734,西湖站出口1,永慶房屋,25.0850967234017,121.562873862566,817.9407409297868
YC1227457,2480,38.87,44,5,322.0603043499096,劍南路站出口3,永慶房屋,25.0851820703,121.559201656,415.18787790681495
YC1218764,2280,36.27,41.3,3,456.9314142163549,劍南路站出口3,永慶房屋,25.0848311283,121.560618947,522.721717577623
YC1222409,1850,37.59,37.8,4,720.8541504184044,捷運東湖站,永慶房屋,25.0711986057,121.61728199,878.9846842101
YC1222052,4980,42.81,43.9,3,270.7896834710502,西湖站出口1,永慶房屋,25.0845835055,121.567690148,500.163100233426
YC999862,2580,27.36,40.5,3,397.783773417205,捷運東湖站,永慶房屋,25.0705184,121.6133536,466.80158866775554
YC1215973,1880,29.81,44.4,6,855.9041521648143,內湖站,overPass,25.0878080871,121.587148127,925.8629458285541
YC1211203,4888,49.55,38.5,3,1117.346594219945,東湖站,overPass,25.0739154761302,121.620117419254,1326.3491509915916
YC1218332,1480,22.72,43.9,2,1243.867336963893,文德站,overPass,25.0897015781,121.583747925,1377.2596345808256
YC1237920,4500,28.03,40,4,902.7891381122813,東湖站,overPass,25.0717966555,121.619200519,1118.03741367318
YC1095936,3280,28.71,39,3,1157.7589809166252,內湖站,overPass,25.0892794,121.5846285,1261.3131409517928
YC1224317,2188,31.13,42.8,3,207.3211655705725,東湖站出口3,永慶房屋,25.0677731581865,121.613622554312,228.71212659711472
YC1220973,2080,30.86,44.4,5,548.0385351743788,捷運內湖站,永慶房屋,25.0788752108,121.592605234,719.4899218409199
YC1212783,1858,37.5,37.2,3,1077.9775586920991,松山站,overPass,25.0578931372004,121.583795395395,1394.0651867678869
YC1138074,3500,27.52,42.4,2,362.09817624837996,文德站出口2,永慶房屋,25.0752409,121.5853063,886.2241433701248
YC1018320,2250,34.06,42.4,3,554.3786367575731,劍南路站出口3,永慶房屋,25.0848933552448,121.561584206134,654.6211216854476
YC1214156,2180,34.11,41.3,4,518.8354089415369,文德站出口1,永慶房屋,25.0784414215,121.590839987,764.1096974529172
YC1203832,2380,31.47,39.4,5,432.1620642814684,內湖站出口2,永慶房屋,25.0855266682,121.598361217,480.09284417819146
YC1179454,2680,37.13,35.9,3,625.3679426287094,大湖公園站出口1,永慶房屋,25.0890132,121.5998055,825.5907940647822
YC1227835,1668,24.34,46.1,3,1007.972454564157,內湖站,overPass,25.0883262241,121.585718612,1276.7269213893412
YC1218768,1980,29.91,41.9,3,693.1691379472082,劍南路站出口3,永慶房屋,25.0877951612,121.561929773,929.7562988579233
YC1219532,2000,32.66,41.8,3,1223.8576224728226,文德站,overPass,25.067529093,121.585416085,1879.287724322344
YC1220230,1880,27.36,40.5,6,403.32994674911544,捷運東湖站,永慶房屋,25.0705583554,121.613388055,466.80158866775554
YC1243070,2188,34.66,45.1,3,96.34484300764234,內湖站出口2,永慶房屋,25.0828284871015,121.59495878785,290.8979071938312
YC1202177,1888,27.79,42.1,5,399.843215987444,捷運西湖站,永慶房屋,25.0851642235,121.569499934,644.3790602781398
YC1206191,2180,28.33,40.2,5,1083.0637567285971,文德站,overPass,25.0883035031,121.584796441,1199.316416543918
YC1215396,5888,28.51,41.8,6,92.3675209784799,內湖站出口1,永慶房屋,25.0839227084,121.593370005,151.63794273816958
YC1190595,3360,52.18,45,6,1143.5420164608752,文德站,overPass,25.0888354,121.5843388,1270.6200048393089
YC1219487,2638,42.42,43.4,5,243.2857852172138,港墘站出口2,永慶房屋,25.0821614,121.5740127,286.11716549815463
YC1166129,3460,44.62,36.4,3,645.9032198409802,西湖站,overPass,25.0870778944975,121.563847534359,995.4321993700945
YC1211142,6880,58.02,38,4,374.4931285396159,捷運東湖站,永慶房屋,25.0703174419,121.613278483,445.17928461810374
YC1222412,2780,26.35,40.7,3,663.3635178337578,捷運東湖站,永慶房屋,25.071094859,121.616649436,814.3308288468462
YC1212776,1688,19.35,32.4,2,546.9228277753865,大湖公園站出口1,永慶房屋,25.0878798805,121.599194937,720.9914617691632
YC1225498,2288,22.44,46,5,359.00289457760266,港墘站出口1,永慶房屋,25.0808744136,121.579034274,479.0919930607207
YC1222364,2988,35.58,45,3,147.63440572320314,港墘站出口2,永慶房屋,25.0813909626,121.574778249,105.89181410409809
YC1196999,2330,31.78,43.5,4,490.014612833793,港墘站出口1,永慶房屋,25.0762888,121.577901,596.0576984895987
YC1211370,2580,37.52,39.7,5,116.16066681789273,捷運西湖站,永慶房屋,25.0826279602,121.568383936,329.0122653686417
YC1230252,2350,33.97,39.6,5,260.3992723071158,葫洲站出口1,永慶房屋,25.0718564074,121.610550636,447.1055244017456
YC1224309,2288,30.85,43.3,4,302.7483968091107,港墘站出口2,永慶房屋,25.0822913462,121.572973543,347.9763650803821
YC1210885,1980,25.83,47.9,3,638.4340047834094,西湖站出口1,永慶房屋,25.0880268157,121.567512214,1143.2238818072988
YC1188801,1858,32.33,45.2,3,615.0725015411526,內湖站出口1,永慶房屋,25.0873803,121.5896626,758.4609002451741
YC1211886,2570,32.4,41.9,3,336.60326629122846,港墘站出口1,永慶房屋,25.082397,121.577802,492.2514038804485
YC1222360,1780,29.11,39.8,3,350.7779714416119,港墘站出口2,永慶房屋,25.0832195719,121.574695456,441.4710067310395
YC1198454,2280,31.18,47.4,6,414.7078409628826,港墘站出口1,永慶房屋,25.0814710867686,121.579411621135,585.3052762379888
YC1216480,1398,29.21,44,2,1134.922162455755,葫洲站,overPass,25.0777210089,121.617135447,1484.4634023947822
YC1211391,1988,33.62,47.6,3,935.5798248502552,文德站,overPass,25.0708932634,121.588815076,1365.9891363771812
YC1170836,2600,39.97,44,3,473.83482531714566,捷運內湖站,永慶房屋,25.0805343569217,121.590967488955,482.92696968666996
YC1225611,1890,30.92,44.4,5,784.1236187015392,內湖站出口1,永慶房屋,25.0873705042,121.587587604,838.2304722032841
YC1220969,1650,19.92,42.2,2,337.6380141943602,文德站出口2,永慶房屋,25.0755548487,121.585617116,830.1406913883799
YC1196506,1868,28.49,41.6,3,325.45657772317446,文德站出口2,永慶房屋,25.07553812,121.585104745,866.3581111676239
YC002600,2025,15.01,0,2,1132.2825009351968,中正紀念堂站出口2,overPass,25.0272165470856,121.50876051734,1311.7
YC1205394,2180,39.65,36.8,4,1112.8703958748752,東湖站,overPass,25.0741615785,121.619820136,1268.0885237755315
YC1222407,1698,29.72,43.9,2,244.95586486499042,東湖站出口3,永慶房屋,25.067554,121.61409222,200.9723731584214
YC1189541,2243,28.54,41.7,3,305.44008645678866,文德站出口2,永慶房屋,25.0757312,121.5851507,850.9410162196982
YC1221603,3168,50.32,36.5,3,491.38789493608675,大湖公園站,overPass,25.0881813244,121.602005763,654.4960188628049
YC1131572,2160,31.71,42.5,5,285.79730844749,大湖公園站出口2,永慶房屋,25.0835123,121.5993778,502.23053495486596
YC1170842,3460,55.69,36.4,5,600.0255711753631,西湖站出口1,永慶房屋,25.0870991498324,121.563840828836,995.4321993700945
YC1229820,1880,27.73,45.1,3,236.81252735890726,港墘站出口1,永慶房屋,25.0802794695,121.577907161,318.95979677183686
YC1194104,2388,29.38,45,3,266.3197387933121,港墘站出口1,永慶房屋,25.0792063,121.5779895,223.0765515698477
YC1214159,1980,31.17,44.6,4,697.8797516221545,文德站出口1,永慶房屋,25.0734897913,121.589428704,1050.1184791634191
YC1223235,2588,32.55,40.2,5,82.74808285348954,葫洲站出口1,永慶房屋,25.0717832726,121.607890973,169.0795227311386
YC1235692,3980,54.52,42.5,4,149.34518464040343,文德站出口2,永慶房屋,25.0770941186,121.584777587,638.2861506362549
YC1205396,1480,29.39,44.7,3,960.4278146596766,東湖站,overPass,25.0747387336,121.616726425,1287.879082147231
YC1184674,4288,71.88,36.7,3,642.8509777245964,大湖公園站出口1,永慶房屋,25.0892392,121.5999448,825.5907940647822
YC1229827,1565,23.72,39.5,4,616.6994446904015,東湖站出口3,永慶房屋,25.0684447158,121.617650862,701.2402315060572
YC1148611,2988,44.37,44.3,1,1097.6476490304785,文德站,overPass,25.0687168,121.5861291,1835.4797457364366
YC1197010,1850,31.15,42.9,3,157.80102360739306,東湖站出口3,永慶房屋,25.067676,121.6131316,249.184336052972
YC1202194,4880,71.5,35.8,5,686.3088511051631,大湖公園站,overPass,25.0896024,121.6001116,825.5907940647822
YC1196801,2180,36.5,44.5,3,538.3270594480606,捷運內湖站,永慶房屋,25.0792298,121.5918974,683.6841504682102
YC1202195,1658,24.68,43.7,3,604.5516504042114,內湖站出口2,永慶房屋,25.0879290426,121.598295434,860.604649285456
YC1199770,1580,27.57,39.6,3,633.3961902633597,內湖站出口1,永慶房屋,25.0893461380121,121.593121349991,853.4847494755745
YC1193723,2688,37.3,40.8,5,527.079600969216,捷運港墘站,永慶房屋,25.0754475470682,121.576692038029,708.4122108790867
YC1215386,1880,33.21,39.2,3,546.2780277861472,捷運東湖站,永慶房屋,25.071043522,121.615097971,686.8808211341175
YC1220212,2588,30.11,44.7,3,246.2538003903522,內湖站出口2,永慶房屋,25.0836493302,121.597057131,338.9271629142522
YC1140997,2488,47.81,44.2,8,598.6154679516472,捷運內湖站,永慶房屋,25.0783287,121.5956462,863.3695548853018
YC1201571,3080,28.03,27.4,0,1052.4927769578526,葫洲站,overPass,25.0684611456481,121.597922615344,1337.005340955852
YC1201565,12000,50.97,41.7,1,108.66840997251462,內湖站,overPass,25.0840344,121.5932878,151.63794273816958
YC1222196,2500,39.1,39.2,5,380.52181217249057,捷運東湖站,永慶房屋,25.0696566904,121.614312984,519.0262625414598
YC1137875,1788,32.75,43.1,4,668.6534470668905,西湖站出口1,永慶房屋,25.0874964290329,121.563232912268,967.332843615976
YC1213721,2400,30.06,41.8,3,345.6500269373631,捷運內湖站,永慶房屋,25.0805611264661,121.59339688915,448.2013836922621
YC1188475,2088,29.29,41.7,5,656.8967620447867,劍南路站出口3,永慶房屋,25.0876347208,121.561615695,883.3990640779153
YC1239143,2980,38.79,37,3,242.66368019282194,葫洲站出口1,永慶房屋,25.070330934,121.607935866,437.0816481734668
YC1105739,1880,30.47,37.7,3,861.0708111705203,東湖站,overPass,25.0693231945,121.619934065,927.0209021963802
YC1096800,2300,31.31,41.2,0,453.6038051557937,劍南路站出口3,永慶房屋,25.0848634,121.5605826,522.721717577623
YC1239502,2680,42.72,41.2,4,1161.3914115261175,文德站,overPass,25.0682298984,121.58684495,1777.6887313542138
YC1173103,2288,34.31,42,8,354.4893115252726,捷運西湖站,永慶房屋,25.0850217,121.5688508,832.9161743380652
YC1219501,1798,28.44,42.1,3,448.86281313575813,文德站出口1,永慶房屋,25.0789460858,121.59015515,665.0053473386554
YC1179006,3350,41.58,45,3,371.6834976015727,港墘站,overPass,25.0822455,121.5722278,374.6114864977896
YC1222411,2480,37.61,39.1,6,129.72588750833663,東湖站出口3,永慶房屋,25.0664313698,121.612813856,157.77055142914747
YC1241093,2680,42.74,38.1,3,689.5026728392113,大湖公園站出口1,永慶房屋,25.0896988358,121.599969455,825.5907940647822
YC1171498,2588,29.45,45.5,2,496.9428199493308,文德站出口2,永慶房屋,25.0760158,121.5803021,720.5281699968174
YC1222402,2480,29.56,45.6,3,284.87019439633957,港墘站出口2,永慶房屋,25.081624077,121.572459450283,273.94574880816486
YC1124473,2980,70.37,40.5,5,990.7621827357876,東湖站,overPass,25.0733235,121.6190213,1157.2803510152112
YC1196197,2850,42.42,44.3,4,593.1474259955351,內湖站,overPass,25.0783287,121.5956462,863.3695548853018
YC1195888,2080,29.45,45.5,4,496.16745125245046,文德站出口2,永慶房屋,25.0759949907,121.580325898,720.5281699968174
YC1224973,2280,36.96,41.2,3,852.9701065801248,內湖站,overPass,25.0879808942,121.587316822,945.1164628292006
YC1125828,3800,70.15,39.5,5,371.4282800076022,捷運西湖站,永慶房屋,25.0847579618268,121.569646139269,644.3790602781398
YC1232781,1880,25.09,40.9,3,976.9897062374886,東湖站,overPass,25.0741840749,121.617847488,1191.6082388392938
YC1198471,2368,34.06,37.4,2,393.39129039399137,大湖公園站出口1,永慶房屋,25.087399,121.601846,604.5855046997651
YC1186811,2500,29.9,46.7,3,611.0557351877314,內湖站出口1,永慶房屋,25.0886137247233,121.591452126372,723.7800057215096
YC1224925,1608,28.19,45.7,3,331.253874465246,東湖站出口3,永慶房屋,25.0676422531,121.614947768,340.39428211371177
YC1223500,2388,34.3,42.1,3,155.18517990495772,文德站出口2,永慶房屋,25.0770864002,121.584965102,695.3367722444991
YC1215959,1980,28.38,45.3,3,609.9823947923079,西湖站出口1,永慶房屋,25.0875115346,121.568664124,1091.262031883913
YC1024429,3380,38.27,45.5,9,582.933296847098,文德站,overPass,25.0783792,121.5907264,764.1096974529172
YC1170848,2388,28.31,43.9,3,315.6600942863728,劍南路站出口3,永慶房屋,25.0853368,121.5590876,415.18787790681495
YC1179304,3000,57.39,37.2,5,351.27582119493746,捷運東湖站,永慶房屋,25.0703234,121.612696,335.47730757195336
YC1222398,2488,31.19,42,3,324.1564205518237,捷運西湖站,永慶房屋,25.0848417281,121.568550071,832.9161743380652
YC1214604,2680,43.33,37.2,4,350.0699137071678,捷運東湖站,永慶房屋,25.0703162307,121.612682508,335.47730757195336
YC1224143,1980,31.08,40.8,3,695.6694023501375,捷運東湖站,永慶房屋,25.0714917268,121.616699064,828.5202881274853
YC1209534,1888,28.58,44.8,3,1014.3762409997556,葫洲站,overPass,25.0765314,121.6164719,1424.5774493393913
YC1223460,1988,28.45,43.3,2,258.17997057164143,西湖站出口1,永慶房屋,25.0844255627,121.567771473,500.163100233426
YC1224063,2880,37.3,40.9,5,532.630702695294,捷運港墘站,永慶房屋,25.0754064882,121.576733152,708.4122108790867
YC1188474,2088,36.89,44.5,7,510.23222433235816,西湖站出口1,永慶房屋,25.0855607477233,121.563039393866,885.3341209059995
YC1168644,2688,35.2,37.2,6,413.2448614835683,捷運內湖站,永慶房屋,25.0816614,121.5907501,508.7277895721646
YC1224976,2990,33.32,50.1,4,514.1155150974732,松山站出口5,永慶房屋,25.0548982973,121.579543802,915.9597524135482
YC1237874,4888,31.55,42.2,2,493.83646309195444,文德站出口1,永慶房屋,25.0832100886,121.585340796,1159.4595550352603
YC1191667,1888,34.64,39.1,2,880.8158127933673,文德站,overPass,25.0717937115463,121.58951475215,1237.0224088404113
YC1186116,1958,25.83,44.4,3,319.22128969794824,港墘站出口1,永慶房屋,25.0795979586597,121.578670058266,382.938938727831
YC1218900,1798,20.1,42.4,2,311.3435031339372,文德站出口2,永慶房屋,25.0757150303,121.585316441,850.9410162196982
YC1228949,2180,23.66,47.7,5,299.1460684639857,內湖站出口1,永慶房屋,25.0857517313885,121.592287526523,452.2152435554697
YC1237921,1938,24.32,38.7,5,149.20639825297016,捷運東湖站,永慶房屋,25.0680065173,121.61281503,107.33798678392807
YC1202218,4380,59.91,35.8,4,1422.3596272541622,文德站,overPass,25.0665637562838,121.589908681615,1973.3208498542344
YC1211350,2750,33.01,42,4,334.0825823125393,捷運西湖站,永慶房屋,25.0848425751,121.568795257,832.9161743380652
YC1185520,2880,34.4,36.6,4,1199.6912197843726,東湖站,overPass,25.0747476239477,121.620396473016,1454.4172215664166
